Poster_URL,File_path
https://resizing.flixster.com/5bktwCwQvnb_7EM30qymgYcrUi0=/206x305/v2/https://flxt.tmsimg.com/assets/p193479_p_v10_aa.jpg,../../data/images/april/2012_2009_39_47.jpg
https://resizing.flixster.com/wkZZI0VWo--LvF_UALzmqIrvQEk=/206x305/v2/https://resizing.flixster.com/z30hrvWl_x9frr0hpTAfKGrCBgw=/ems.ZW1zLXByZC1hc3NldHMvbW92aWVzLzA3ZmU4MTliLTg5OWQtNDZlZS04YTE0LWY4NDc0NTI3MWRiYi53ZWJw,../../data/images/april/Air_Strike_2018_0_12.jpg
https://resizing.flixster.com/rOvIidfWZWXSyIQvMfERu1d7v84=/206x305/v2/https://resizing.flixster.com/lDCguLBueOTrk-gh2BTcTlZpras=/ems.ZW1zLXByZC1hc3NldHMvbW92aWVzL2QzYjZlMWNhLTQ2YzktNDRhNC04MDUzLWYxMjA1YjZkZDk4MC5qcGc=,../../data/images/april/Ajeeb_Daastaans_2021_100_50.jpg
https://resizing.flixster.com/3S8l18PT0oXX_O0l8nVaC1Egrm4=/206x305/v2/https://flxt.tmsimg.com/assets/p19677863_p_v13_aa.jpg,../../data/images/april/Arlo_the_Alligator_Boy_2021_82_85.jpg
https://resizing.flixster.com/7DmYln5Dw1T5DEndpQHyCiE3P64=/206x305/v2/https://flxt.tmsimg.com/assets/p9991418_p_v10_aj.jpg,../../data/images/april/August:_Osage_County_2013_67_65.jpg
https://resizing.flixster.com/gHVSJYxn07ig4B714jdT6nysPhI=/206x305/v2/https://resizing.flixster.com/C9XqWsmPVpmm_21gz_izYHwFf1A=/ems.ZW1zLXByZC1hc3NldHMvbW92aWVzL2I2MzA3MjE0LWFlN2EtNGE4ZC1hODEwLTM3ZjFkNjRlNDIxYi53ZWJw,../../data/images/april/Coded_Bias_2020_100_44.jpg
https://resizing.flixster.com/fj2gO6xfMpVE6Y5pwxEQRM5rpdc=/206x305/v2/https://resizing.flixster.com/2ZpRdjKdTLipuvXzHbnEaZnMzqM=/ems.ZW1zLXByZC1hc3NldHMvbW92aWVzL2QwZTE5NWQ2LWZlNDUtNGY2OC1hMzZkLTA2YzBjOTQ2YzAwMS53ZWJw,../../data/images/april/Coming_from_Insanity_2019_NR_NR.jpg
https://resizing.flixster.com/ZAf-lqmEjK9_Bhgw0KwqcM1hbA0=/206x305/v2/https://resizing.flixster.com/NTlW99SDunKX9ldUzxtKJYQfkKs=/ems.ZW1zLXByZC1hc3NldHMvbW92aWVzLzk2OTZkNDk1LWY1ODYtNGQ2MS05MWRhLWY2NGNkMGY4NjE4Zi5qcGc=,../../data/images/april/Concrete_Cowboy_2020_81_71.jpg
https://resizing.flixster.com/w_9MB9cgL0iS5zqa6BAmLLupRy4=/206x305/v2/https://flxt.tmsimg.com/assets/p7820966_p_v10_aq.jpg,../../data/images/april/Cop_Out_2010_19_39.jpg
https://resizing.flixster.com/zhHs_fy9ekb7au5szOXPbS8w6B8=/206x305/v2/https://resizing.flixster.com/X3TqAVS4AxSm7CKBCgNsaoUcAGw=/ems.ZW1zLXByZC1hc3NldHMvbW92aWVzLzE5NzE2NjA0LWVlZmUtNDIwMi1iMjA1LWYyZWY5OTQxYTIyYy5qcGc=,../../data/images/april/Coven_of_Sisters_2020_83_84.jpg
https://resizing.flixster.com/m1Yhsj-xSJvyzfYNw_xP3xbErm8=/206x305/v2/https://flxt.tmsimg.com/assets/p11806131_p_v10_ab.jpg,../../data/images/april/Crimson_Peak_2015_72_55.jpg
https://resizing.flixster.com/Gz9tG3hi4C3BY52ffZeYq3--I14=/206x305/v2/https://resizing.flixster.com/L-5NaO7OV2FcYT_9_NxtiXmEM8s=/ems.ZW1zLXByZC1hc3NldHMvbW92aWVzLzRiYjA5YzE2LWIxNmYtNGQyNy1iZjUwLWRhOTI5MTdlNTI2Zi5qcGc=,../../data/images/april/Dark_City_Beneath_the_Beat_2020_100_83.jpg
https://resizing.flixster.com/wPYvU9mMBar2iuXpZ0upGsQKuaE=/206x305/v2/https://flxt.tmsimg.com/assets/p9780218_p_v7_aa.jpg,../../data/images/april/Doctor_Bello_2012_NR_60.jpg
https://resizing.flixster.com/lhnKLzAkgrzUWCWHCQhnQTvzo0U=/206x305/v2/https://flxt.tmsimg.com/assets/p9416734_p_v10_af.jpg,../../data/images/april/Escape_from_Planet_Earth_2013_35_54.jpg
https://resizing.flixster.com/-HOvTrR2-I-G0I5VBAteeFdi4BY=/206x305/v2/https://flxt.tmsimg.com/assets/p10630492_p_v13_aa.jpg,../../data/images/april/Free_to_Play_2014_NR_77.jpg
https://resizing.flixster.com/s8BnY0xP6GCJwyPvytvwHMwLjt0=/206x305/v2/https://flxt.tmsimg.com/assets/p8405003_p_v13_au.jpg,../../data/images/april/Friends_With_Benefits_2011_68_65.jpg
https://resizing.flixster.com/YdisBOJXbB-oYX9H_9WPDh7qm_s=/206x305/v2/https://resizing.flixster.com/4Tq7oQHM4DTs1DY3PnuoEtWfxbo=/ems.ZW1zLXByZC1hc3NldHMvbW92aWVzL2EzYzBmOTUzLWFjYTYtNDc5ZS05NmIxLTM1ZTE2ODk5Yjk1ZC5qcGc=,../../data/images/april/Get_The_Grift_2021_NR_NR.jpg
https://resizing.flixster.com/N6SWpmFJJg5InPIWiIrufCAorsg=/206x305/v2/https://resizing.flixster.com/SHWJUXuSrUs3d4BatV5_DrswWz8=/ems.ZW1zLXByZC1hc3NldHMvbW92aWVzL2ZlNTcwYzRhLWZjY2QtNDliOS1hNDhiLTIyN2UyY2NjYWUzZi5qcGc=,../../data/images/april/Have_You_Ever_Seen_Fireflies?_2021_NR_83.jpg
https://resizing.flixster.com/LM-8nZGTzMrQlNarui-_favKmXE=/206x305/v2/https://resizing.flixster.com/u-7RN-eewNNGcBe6lpJQlQ5Vq5o=/ems.ZW1zLXByZC1hc3NldHMvbW92aWVzL2M0MWNhMmQzLTU3MTgtNDcxNy1hNDA4LTI0Yjk1NTk0ZGU5ZS5qcGc=,../../data/images/april/HOMUNCULUS_2021_NR_NR.jpg
https://resizing.flixster.com/1cIk04vHh_2WU6fUeHMpilqD_vk=/206x305/v2/https://flxt.tmsimg.com/assets/p8494407_p_v10_ak.jpg,../../data/images/april/Insidious_2010_66_62.jpg
https://resizing.flixster.com/jUq6Ds3ZqVNI9duckTprzJ9DJI8=/206x305/v2/https://resizing.flixster.com/Cf67EMtzetbFB5c1HyzoSIUbc6g=/ems.ZW1zLXByZC1hc3NldHMvbW92aWVzL2Y2YzZhZTdhLWJhNTYtNGJmZi04MTdhLWI1YTgwMWIyZWFmNS5qcGc=,../../data/images/april/Into_the_Beat_2019_NR_NR.jpg
https://resizing.flixster.com/0LeWXambtQWf7BHSDe3DxK3lEZE=/206x305/v2/https://resizing.flixster.com/mPyMerXyg7L9N2Yo0k2EddnRXFY=/ems.ZW1zLXByZC1hc3NldHMvbW92aWVzLzlhODkzZWQwLTUwMjEtNDdiZi1iZmQ5LTNhZTgxOTA5ODUwYy5qcGc=,../../data/images/april/Irul_2021_0_NR.jpg
https://resizing.flixster.com/eSrziJCxOYgbl1El3F3oB_fi-Lo=/206x305/v2/https://flxt.tmsimg.com/assets/p19598988_p_v8_ad.jpg,../../data/images/april/Just_Say_Yes_2021_NR_23.jpg
https://resizing.flixster.com/Rq7zJ-xzvWTsAfgipd1yNeNyBUM=/206x305/v2/https://resizing.flixster.com/GWaNMBW6LV6eEmGoW3EmWmX6woM=/ems.ZW1zLXByZC1hc3NldHMvbW92aWVzLzVhMWY2N2MyLTc2MDktNGYyZi1iYzhmLWY2MThmZDE4MTI1OS53ZWJw,../../data/images/april/Kingsglaive:_Final_Fantasy_XV_2016_12_68.jpg
https://resizing.flixster.com/DQ-oaZncBnfzjjc6Zp0j83VbbmU=/206x305/v2/https://flxt.tmsimg.com/assets/p28004_p_v10_am.jpg,../../data/images/april/Legally_Blonde_2001_70_72.jpg
https://resizing.flixster.com/KqaY0LykC1s2MfV6FXz0Fq4SFGk=/206x305/v2/https://flxt.tmsimg.com/assets/p14513_p_v10_ac.jpg,../../data/images/april/Leprechaun_1993_27_32.jpg
https://resizing.flixster.com/kJMhIV9-fUZbZgyFdECtrgZg1ug=/206x305/v2/https://resizing.flixster.com/XjbF5NsumRbjP6E4oenl6TW8U-I=/ems.ZW1zLXByZC1hc3NldHMvbW92aWVzLzQxNjk0YmJhLTI1ZjMtNDRmZi1iNjI4LWY1NTRlYzk1N2I5NC5qcGc=,../../data/images/april/Madame_Claude_2021_NR_28.jpg
https://resizing.flixster.com/0ZaUv9ojK6TQTxzWhCQmQLna8tc=/206x305/v2/https://resizing.flixster.com/_8Jydny34-RxXqPQqwPjgC-8ocQ=/ems.ZW1zLXByZC1hc3NldHMvbW92aWVzLzhiYjY5NGI5LWMxYjUtNDhiZi1hYjgwLWJhY2U4YjNjNTk1MC53ZWJw,../../data/images/april/Miss_Sloane_2016_76_72.jpg
https://resizing.flixster.com/wXdvROfITQroSjfH6Ac97ZhvgLI=/206x305/v2/https://flxt.tmsimg.com/assets/p175_p_v10_ac.jpg,../../data/images/april/My_Fair_Lady_1964_95_90.jpg
https://resizing.flixster.com/xGkRLSM1_EvGMJd5xTeaDU1TlSg=/206x305/v2/https://flxt.tmsimg.com/assets/p19674941_p_v8_aa.jpg,../../data/images/april/New_Gods:_Nezha_Reborn_2021_NR_74.jpg
https://resizing.flixster.com/g33pwfssE3MhnY4J6ZxAJcp6aDY=/206x305/v2/https://flxt.tmsimg.com/assets/p19532619_p_v13_ab.jpg,../../data/images/april/Night_in_Paradise_2020_67_70.jpg
https://resizing.flixster.com/6Gg200mEugufjrkNUK1xSLbGUls=/206x305/v2/https://resizing.flixster.com/BWjcfGtbdCWRy7VnJoM09nqL0PQ=/ems.ZW1zLXByZC1hc3NldHMvbW92aWVzLzU3MzU1MGM4LTUxNjgtNDJlYS1iZTVhLWVjYzRhYjYyMjEzOC5qcGc=,../../data/images/april/Ride_or_Die_2021_71_66.jpg
https://resizing.flixster.com/ivW21bzRMF6ZC4Trg6DgZ4ECDIA=/206x305/v2/https://flxt.tmsimg.com/assets/p9872516_p_v10_bb.jpg,../../data/images/april/Rush_2013_89_88.jpg
https://resizing.flixster.com/VvMloQjE95XDu9-MhMkjwnoVSJU=/206x305/v2/https://resizing.flixster.com/sYMfRTcAbdjPcBPg4dNNR4y9FJc=/ems.ZW1zLXByZC1hc3NldHMvbW92aWVzLzRhYTFjOTA4LWVmYzAtNGZhOC1hZGJlLWVkOWJmNDBhMTg4My5qcGc=,../../data/images/april/Sky_High_2020_NR_46.jpg
https://resizing.flixster.com/xb1he2qVUpNevG6ezS0WTCRwuvA=/206x305/v2/https://resizing.flixster.com/tsVdXW9_nIYcLialLeEtXJpVgKc=/ems.ZW1zLXByZC1hc3NldHMvbW92aWVzLzhjODg1YzZmLTg3YWYtNDFhYy1iMmVmLTEwNzIxYzVhYmZmOC5qcGc=,../../data/images/april/Stowaway_2021_77_49.jpg
https://resizing.flixster.com/tXtFqK_-LYctTHrY5g7n7tUHEMQ=/206x305/v2/https://resizing.flixster.com/g-X-z18Mo8mZDFpQV29ax6aBTfA=/ems.ZW1zLXByZC1hc3NldHMvbW92aWVzL2M4Y2Y1MjE4LTAxOGUtNDhhMi1hNDFmLTk1ZTUzNWY5MGI4Mi5qcGc=,../../data/images/april/Synchronic_2019_80_76.jpg
https://resizing.flixster.com/7KTJmu-bogLFnMxbOi1a0ld6pH4=/206x305/v2/https://flxt.tmsimg.com/assets/p19695522_p_v13_aa.jpg,../../data/images/april/Tersanjung:_The_Movie_2021_NR_NR.jpg
https://resizing.flixster.com/XY8gFaHjQOsfXwxZnzVZqTj-y2c=/206x305/v2/https://flxt.tmsimg.com/assets/p19209355_p_v8_aa.jpg,../../data/images/april/The_Disciple_2020_97_68.jpg
https://resizing.flixster.com/08ZqeHHhaY43UtXzalUkL5Xw_dg=/206x305/v2/https://flxt.tmsimg.com/assets/p19755510_p_v7_aa.jpg,../../data/images/april/The_Knight_and_the_Princess_2019_NR_NR.jpg
https://resizing.flixster.com/7ybQLchhnnc-9iGON-esHE0lMbU=/206x305/v2/https://flxt.tmsimg.com/assets/p9211021_p_v10_an.jpg,../../data/images/april/The_Master_2012_84_62.jpg
https://resizing.flixster.com/q_YzYhxvrMfq04c2jKl3wP0eYJs=/206x305/v2/https://resizing.flixster.com/SLCdQwOkKDHVrGvbE_L1DsATmgA=/ems.ZW1zLXByZC1hc3NldHMvbW92aWVzLzA0NGQ5MTg2LTc0ODgtNDEwNC1hNjI5LTY1N2ZlMWQ4ZTUyOS5qcGc=,../../data/images/april/The_Mitchells_vs._The_Machines_2021_98_89.jpg
https://resizing.flixster.com/8V1guqUFhDr1fWuCKTH-nMVDlPg=/206x305/v2/https://flxt.tmsimg.com/assets/p30193_p_v13_aj.jpg,../../data/images/april/The_Pianist_2002_95_96.jpg
https://resizing.flixster.com/W1EUg39FrWevQ5advWyQTkk42Ww=/206x305/v2/https://flxt.tmsimg.com/assets/p8640390_p_v10_aa.jpg,../../data/images/april/The_Possession_2012_39_48.jpg
https://resizing.flixster.com/uGCtbnzo1CTGpgOQ8_RarHU5e6Y=/206x305/v2/https://resizing.flixster.com/dVA_MTqhOE5IUTm91yte0Gb9hhM=/ems.ZW1zLXByZC1hc3NldHMvbW92aWVzLzM0ZTNhZGEwLTc0MmItNGI2Yi05ZWE0LTgxODI3ZDZiZWJjMS5qcGc=,../../data/images/april/The_Soul_2021_NR_77.jpg
https://resizing.flixster.com/VVJyeMDtH5xebIdpnACiW6-4OR8=/206x305/v2/https://resizing.flixster.com/yGH4Gpb2bpe_RRZXPg8DRBpSuS8=/ems.ZW1zLXByZC1hc3NldHMvbW92aWVzL2Q5MGRhZjE3LTBkMGYtNDY1MC05MmU1LTgwMjY2YjA1N2RmOS5qcGc=,../../data/images/april/The_Stand_In_2020_30_20.jpg
https://resizing.flixster.com/NUTdwaFs3FGcjNRQKc-a636rWYo=/206x305/v2/https://flxt.tmsimg.com/assets/p177102_p_v10_ad.jpg,../../data/images/april/The_Time_Traveler's_Wife_2009_38_59.jpg
https://resizing.flixster.com/0lTqVqHVZVFli9XEpGnB4Yqemnk=/206x305/v2/https://resizing.flixster.com/V4rhg5rviFMQPfyVHZlxOu0Xt_I=/ems.ZW1zLXByZC1hc3NldHMvbW92aWVzL2JmODZiMWVjLTc4ZGMtNGVlNy05YzQzLWEzY2NhMDdhNDA2My53ZWJw,../../data/images/april/The_Zookeeper's_Wife_2017_64_76.jpg
https://resizing.flixster.com/C607uakS6vteNE-FBRG0Z9c0JGQ=/206x305/v2/https://resizing.flixster.com/vHYZrtbinWczetn8fnY2hoB4MF8=/ems.ZW1zLXByZC1hc3NldHMvbW92aWVzL2IwYTgyZTVjLTllNzMtNDUxMy1iMmI2LWFhNzRmNDlkMDJhNS5qcGc=,../../data/images/april/Things_Heard_&_Seen_2021_39_24.jpg
https://resizing.flixster.com/xyUi8l6oi8InL8aV7vCqlEJQmv4=/206x305/v2/https://resizing.flixster.com/gGuY6G6QZ0VKiUE6FyULpU5VPtw=/ems.ZW1zLXByZC1hc3NldHMvbW92aWVzL2Y2MGFmNThkLTJhZmYtNDg1MC04MWQ3LTI3ZDA3OWFlMGM0Ni5qcGc=,../../data/images/april/Thunder_Force_2021_22_22.jpg
https://resizing.flixster.com/yJXxvtdzAeTlXoddNCRDv_I7gvo=/206x305/v2/https://flxt.tmsimg.com/assets/p19666106_p_v10_aa.jpg,../../data/images/april/Two_Distant_Strangers_2020_92_67.jpg
https://resizing.flixster.com/4q-4lhyQBTYR_ml0NmBLEY9mM-8=/206x305/v2/https://resizing.flixster.com/Z9BazPXIQNCHWliVXNzO0ccTKFc=/ems.ZW1zLXByZC1hc3NldHMvbW92aWVzLzY3NWIxNDNiLTkxZTgtNDZmYS05MjU0LWI3MDA3ZWZkMjNlZi5qcGc=,../../data/images/april/What_Lies_Below_2020_53_26.jpg
https://resizing.flixster.com/MPVItR7XUhLsXNyvEq8wlOFpGYU=/206x305/v2/https://resizing.flixster.com/Bh_4Rlh8IYNKJxWboAzKotm1wSQ=/ems.ZW1zLXByZC1hc3NldHMvbW92aWVzL2NlNTEzYzUwLWQ3NTktNDU3My04YTMxLTdjNmViYTZmNDcxNy53ZWJw,../../data/images/april/White_Boy_2017_NR_80.jpg
https://resizing.flixster.com/ysKrZIBfanb5yubQ2U0VZOrim6Q=/206x305/v2/https://resizing.flixster.com/cC5AEjN2SB1tqevS8wHi1Sc5Mac=/ems.ZW1zLXByZC1hc3NldHMvbW92aWVzLzE2MTg1OTkzLWNiZWQtNDkyOS04OGE5LTFjMGJhYzg1MDFiNy5qcGc=,../../data/images/april/Why_Did_You_Kill_Me?_2021_70_32.jpg
https://resizing.flixster.com/RPTal525CP75TIZlmCDQgfyTJuc=/206x305/v2/https://flxt.tmsimg.com/assets/p176708_p_v10_ai.jpg,../../data/images/april/Yes_Man_2008_46_66.jpg
