Title,Title_scraped_rt
Barbie & Chelsea The Lost Birthday,NULL
Battle of Los Angeles,NULL
Chadwick Boseman: Portrait of an Artist,NULL
Dad Stop Embarrassing Me – The Afterparty,NULL
Diana: The Interview that Shook the World,NULL
God Calling,NULL
Heroes: Silence and Rock & Roll,NULL
Ojukokoro: Greed,NULL
Oloibiri,NULL
Perfume Imaginary Museum “Time Wrap”,NULL
Ram Prasad Ki Tehrvi,NULL
Rudra: The Rise of King Pharaoh,NULL
Shadow and Bone – The Netflix Afterparty,NULL
Shiva vs Autobots,NULL
Shiva: Journey to Plunotaria,NULL
Slay,NULL
Story of Kale: When Someone’s in Love,NULL
The Fisherman’s Diary,NULL
The Last Kids on Earth: Happy Apocalypse to You,NULL
This Lady Called Life,NULL
Tyler Perry’s Madea’s Big Happy Family,NULL
Uppena,NULL